USE healthcare_data;

-- Craete Healthcare_tables

CREATE TABLE Patients (
patient_id INT PRIMARY KEY,
patient_name VARCHAR(50),
age INT,
gender VARCHAR(10),
city VARCHAR(50)
);
CREATE TABLE Symptoms (
symptom_id INT PRIMARY KEY,
symptom_name VARCHAR(50)
);
CREATE TABLE Diagnoses (
diagnosis_id INT PRIMARY KEY,
diagnosis_name VARCHAR(50)
);
CREATE TABLE Visits (
visit_id INT PRIMARY KEY,
patient_id INT,
symptom_id INT,
diagnosis_id INT,
visit_date DATE,
FOREIGN KEY (patient_id) REFERENCES Patients(patient_id),
FOREIGN KEY (symptom_id) REFERENCES Symptoms(symptom_id),
FOREIGN KEY (diagnosis_id) REFERENCES Diagnoses(diagnosis_id)
);
-- Insert data into Patients table
INSERT INTO Patients (patient_id, patient_name, age, gender, city)
VALUES
(1, 'John Smith', 45, 'Male', 'Seattle'),
(2, 'Jane Doe', 32, 'Female', 'Miami'),
(3, 'Mike Johnson', 50, 'Male', 'Seattle'),
(4, 'Lisa Jones', 28, 'Female', 'Miami'),
(5, 'David Kim', 60, 'Male', 'Chicago');
-- Insert data into Symptoms table
INSERT INTO Symptoms (symptom_id, symptom_name)
VALUES
(1, 'Fever'),
(2, 'Cough'),
(3, 'Difficulty Breathing'),
(4, 'Fatigue'),
(5, 'Headache');
-- Insert data into Diagnoses table
INSERT INTO Diagnoses (diagnosis_id, diagnosis_name)
VALUES
(1, 'Common Cold'),
(2, 'Influenza'),
(3, 'Pneumonia'),
(4, 'Bronchitis'),
(5, 'COVID-19');
-- Insert data into Visits table
INSERT INTO Visits (visit_id, patient_id, symptom_id, diagnosis_id, visit_date)
VALUES
(1, 1, 1, 2, '2022-01-01'),
(2, 2, 2, 1, '2022-01-02'),
(3, 3, 3, 3, '2022-01-02'),
(4, 4, 1, 4, '2022-01-03'),
(5, 5, 2, 5, '2022-01-03'),
(6, 1, 4, 1, '2022-05-13'),
(7, 3, 4, 1, '2022-05-20'),
(8, 3, 2, 1, '2022-05-20'),
(9, 2, 1, 4, '2022-08-19'),
(10, 1, 2, 5, '2022-12-01');
