-- Create Required Tables

-- cars Table
CREATE TABLE cars (
car_id INT PRIMARY KEY,
make VARCHAR(50),
type VARCHAR(50),
style VARCHAR(50),
cost_$ INT
);

-- Insert data into cars table
INSERT INTO cars (car_id, make, type, style, cost_$)
VALUES (1, 'Honda', 'Civic', 'Sedan', 30000),
(2, 'Toyota', 'Corolla', 'Hatchback', 25000),
(3, 'Ford', 'Explorer', 'SUV', 40000),
(4, 'Chevrolet', 'Camaro', 'Coupe', 36000),
(5, 'BMW', 'X5', 'SUV', 55000),
(6, 'Audi', 'A4', 'Sedan', 48000),
(7, 'Mercedes', 'C-Class', 'Coupe', 60000),
(8, 'Nissan', 'Altima', 'Sedan', 26000);

-- salespersons table
CREATE TABLE salespersons (
salesman_id INT PRIMARY KEY,
name VARCHAR(50),
age INT,
city VARCHAR(50)
);

-- Insert data into salesperson table
INSERT INTO salespersons (salesman_id, name, age, city)
VALUES (1, 'John Smith', 28, 'New York'),
(2, 'Emily Wong', 35, 'San Fran'),
(3, 'Tom Lee', 42, 'Seattle'),
(4, 'Lucy Chen', 31, 'LA');

-- sales table
CREATE TABLE sales (
sale_id INT PRIMARY KEY,
car_id INT,
salesman_id INT,
purchase_date DATE,
FOREIGN KEY (car_id) REFERENCES cars(car_id),
FOREIGN KEY (salesman_id) REFERENCES salespersons(salesman_id)
);

-- Insert data into sales table
INSERT INTO sales (sale_id, car_id, salesman_id, purchase_date)
VALUES (1, 1, 1, '2021-01-01'),
(2, 3, 3, '2021-02-03'),
(3, 2, 2, '2021-02-10'),
(4, 5, 4, '2021-03-01'),
(5, 8, 1, '2021-04-02'),
(6, 2, 1, '2021-05-05'),
(7, 4, 2, '2021-06-07'),
(8, 5, 3, '2021-07-09'),
(9, 2, 4, '2022-01-01'),
(10, 1, 3, '2022-02-03'),
(11, 8, 2, '2022-02-10'),
(12, 7, 2, '2022-03-01'),
(13, 5, 3, '2022-04-02'),
(14, 3, 1, '2022-05-05'),
(15, 5, 4, '2022-06-07'),
(16, 1, 2, '2022-07-09'),
(17, 2, 3, '2023-01-01'),
(18, 6, 3, '2023-02-03'),
(19, 7, 1, '2023-02-10'),
(20, 4, 4, '2023-03-01');


-- 	QUESTIONS

-- 1. What are the details of all cars purchased in the year 2022?
SELECT c.car_id, c.make, c.type, c.style, c.cost_$, s.purchase_date
FROM cars c
INNER JOIN sales s ON c.car_id=s.car_id
WHERE YEAR(s.purchase_date)=2022;

/*
Insight : From the result we can see that Honda Sedan, Toyota Hatchback, Ford SUV, BMW SUV, 
		  Mercedes Coupe, Nissan Sedan are the cars purchased in 2022.
*/
--------------------------------------------------------------------------------------------------

-- 2. What is the total number of cars sold by each salesperson?
SELECT sp.salesman_id, sp.name, COUNT(sale_id) AS Total_cars_sold
FROM sales s
INNER JOIN salespersons sp ON s.salesman_id= sp.salesman_id
GROUP BY salesman_id;

/*
Insight: Tom Lee has sold highest number of cars
*/
------------------------------------------------------------------------------------------------

-- 3. What is the total revenue generated by each salesperson?
SELECT sp.salesman_id, sp.name, SUM(cost_$) AS Total_Revenue
FROM cars c
INNER JOIN sales s ON c.car_id=s.car_id
INNER JOIN salespersons sp ON s.salesman_id=sp.salesman_id
GROUP BY salesman_id;

/*
Insight: Here we can see that Tom Lee has generated highest revenue among all the other salesman
*/
----------------------------------------------------------------------------------------------------

-- 4. What are the details of the cars sold by each salesperson?
SELECT s.salesman_id, c.car_id, c.make, c.type, c.style, c.cost_$
FROM sales s
INNER JOIN cars c ON s.car_id=c.car_id
INNER JOIN salespersons sp ON s.salesman_id=sp.salesman_id
GROUP BY s.salesman_id, c.car_id;

-----------------------------------------------------------------------------------------------------

-- 5. What is the total revenue generated by each car type?
SELECT c.car_id, c.type AS Car_type, SUM(c.cost_$) AS Total_Revenue
FROM cars c
INNER JOIN sales s ON c.car_id=s.car_id
GROUP BY c.car_id;

/*
insight: from the result we can observe that car BMW x5 has generated highest revenue i.e 220000
*/
----------------------------------------------------------------------------------------------------------

-- 6. What are the details of the cars sold in the year 2021 by salesperson 'Emily Wong'?
SELECT sp.name, s.purchase_date, c.car_id, c.make, c.type, c.style, c.cost_$
FROM cars c
INNER JOIN sales s ON c.car_id=s.car_id
INNER JOIN salespersons sp ON s.salesman_id=sp.salesman_id
WHERE YEAR(s.purchase_date)=2021 AND sp.name= "Emily Wong";

/*
Insight: we can see that Emily Wong has sold car Toyota corolla and Chevrolet camaro in the year 2021.
*/
----------------------------------------------------------------------------------------------------------

-- 7. What is the total revenue generated by the sales of hatchback cars?
SELECT c.car_id, c.style, SUM(c.cost_$) AS Total_Revenue 
FROM cars c
INNER JOIN sales s ON c.car_id=s.car_id
GROUP BY car_id
HAVING c.style="Hatchback";

/*
Insight: Total revenue generated by Hatchback style car is 100000.
*/
------------------------------------------------------------------------------------------------------------

-- 8. What is the total revenue generated by the sales of SUV cars in the year 2022?
SELECT c.style, SUM(c.cost_$) AS Revenue
FROM cars c
INNER JOIN sales s ON c.car_id=s.car_id
WHERE YEAR(s.purchase_date) = 2022
GROUP BY c.style
HAVING c.style = "SUV";

/*
Insight: Total revenue generated by SUV car in the year 2022 is 150000.
*/
------------------------------------------------------------------------------------------------------------

-- 9. What is the name and city of the salesperson who sold the most number of cars in the year 2023?
SELECT sp.name, sp.city, COUNT(s.car_id) AS max_car_sold 
FROM salespersons sp
INNER JOIN sales s ON sp.salesman_id=s.salesman_id
WHERE YEAR(s.purchase_date)=2023
GROUP BY s.salesman_id
ORDER BY max_car_sold DESC
LIMIT 1;

/*
Insight: Tom Lee who is from Seattle has sold maximum cars in the year 2023
*/
------------------------------------------------------------------------------------------------------------

-- 10. What is the name and age of the salesperson who generated the highest revenue in the year 2022?
SELECT sp.name, sp.age, SUM(C.cost_$) AS max_Revenue 
FROM salespersons sp
INNER JOIN sales s ON sp.salesman_id=s.salesman_id
INNER JOIN cars c ON s.car_id = c.car_id
WHERE YEAR(s.purchase_date)=2022
GROUP BY s.salesman_id
ORDER BY max_Revenue DESC
LIMIT 1;

/*
Insight: Emily Wong has generated the highest revenue i.e 116000 in the year 2022
*/
------------------------------------------------------------------------------------------------------------







